step,epoch,train_cnt,avg_reward,avg_q,epsilon,time
20000,0,20000,0.0,0.3371944680029526,0.98,839.1299550533295
40000,0,40000,0.0,0.22517887333771214,0.96,1480.6886072158813
60000,0,60000,0.0,0.1871031283473596,0.94,2124.7438673973083
80000,0,80000,0.0,0.16752544247335754,0.92,2775.43238902092
100000,0,100000,0.0,0.15535614370260387,0.9,3425.760146379471
120000,0,120000,0.0,0.14689621243293707,0.88,4125.471429824829
